Id,Name,ReferenceNumber,ProducerName,QuantityAvailable,QuantitySoldLastMonth,Weight,Price,LastOrderDate
!@#-3433,Fantastic Frozen Towels,0,Christiansen - Skiles,,,,,
!@#-3433,Practical Steel Cheese,1,Kovacek - Batz,,,,,
!@#-3433,Rustic Rubber Bike,2,Schuster and Sons,,,,,
!@#-3433,Small Concrete Keyboard,3,Swift Inc,,,,,
!@#-3433,Practical Plastic Bike,4,Upton, Collier and Nitzsche,,,,,
!@#-3433,Refined Granite Mouse,5,Gutmann - Nienow,,,,,
!@#-3433,Intelligent Concrete Soap,6,Aufderhar, Herzog and Christiansen,,,,,
!@#-3433,Incredible Cotton Bacon,7,Fritsch Inc,,,,,
!@#-3433,Fantastic Concrete Mouse,8,Schumm Inc,,,,,
!@#-3433,Small Granite Computer,9,Mueller, Price and Conn,,,,,
!@#-3433,Generic Frozen Soap,10,Adams - Corkery,,,,,
!@#-3433,Unbranded Granite Tuna,11,Jacobson and Sons,,,,,
!@#-3433,Ergonomic Fresh Fish,12,Aufderhar, Lubowitz and Champlin,,,,,
!@#-3433,Sleek Fresh Cheese,13,Ortiz - Kohler,,,,,
!@#-3433,Incredible Concrete Bike,14,Botsford and Sons,,,,,
!@#-3433,Tasty Steel Salad,15,Dare, Rolfson and Turner,,,,,
!@#-3433,Licensed Frozen Gloves,16,Rempel - Blick,,,,,
!@#-3433,Licensed Rubber Fish,17,Haley Group,,,,,
!@#-3433,Ergonomic Concrete Shoes,18,Haag Group,,,,,
!@#-3433,Awesome Frozen Car,19,Volkman - Pacocha,,,,,
!@#-3433,Fantastic Granite Chicken,20,Klein - Fadel,,,,,
!@#-3433,Rustic Rubber Chips,21,Roberts Inc,,,,,
!@#-3433,Intelligent Concrete Chair,22,Strosin - Tremblay,,,,,
!@#-3433,Generic Frozen Sausages,23,Balistreri - Fisher,,,,,
!@#-3433,Sleek Fresh Towels,24,Oberbrunner, Schuppe and Stokes,,,,,
!@#-3433,Rustic Steel Tuna,25,Dibbert and Sons,,,,,
!@#-3433,Fantastic Wooden Shoes,26,Rogahn Group,,,,,
!@#-3433,Tasty Granite Gloves,27,Bauch Group,,,,,
!@#-3433,Intelligent Steel Keyboard,28,Yost LLC,,,,,
!@#-3433,Tasty Granite Table,29,Metz, O'Connell and Friesen,,,,,
!@#-3433,Unbranded Wooden Ball,30,Cummerata - Ledner,,,,,
!@#-3433,Small Fresh Sausages,31,Ryan - Corwin,,,,,
!@#-3433,Handmade Concrete Towels,32,Runolfsson Inc,,,,,
!@#-3433,Refined Granite Car,33,Rosenbaum - Rath,,,,,
!@#-3433,Rustic Steel Salad,34,Ortiz Group,,,,,
!@#-3433,Practical Granite Pizza,35,Shields, Olson and Powlowski,,,,,
!@#-3433,Refined Wooden Shoes,36,Willms, Farrell and Marvin,,,,,
!@#-3433,Fantastic Fresh Bike,37,Johnston - Kiehn,,,,,
!@#-3433,Handcrafted Soft Cheese,38,Daugherty and Sons,,,,,
!@#-3433,Fantastic Rubber Shoes,39,Mohr Group,,,,,
!@#-3433,Intelligent Steel Chair,40,Hagenes Group,,,,,
!@#-3433,Fantastic Fresh Shirt,41,Beatty, Hermann and Lubowitz,,,,,
!@#-3433,Ergonomic Concrete Mouse,42,Gleason - Schowalter,,,,,
!@#-3433,Fantastic Soft Bike,43,Reichel Group,,,,,
!@#-3433,Handmade Soft Pants,44,Cormier and Sons,,,,,
!@#-3433,Small Fresh Keyboard,45,Ernser, Littel and Cartwright,,,,,
!@#-3433,Awesome Cotton Mouse,46,Beier - Schamberger,,,,,
!@#-3433,Handcrafted Cotton Towels,47,Erdman Inc,,,,,
!@#-3433,Intelligent Concrete Gloves,48,Bartell Group,,,,,
!@#-3433,Handmade Plastic Shoes,49,Boehm - Yost,,,,,
!@#-3433,Generic Concrete Shoes,50,Kozey and Sons,,,,,
!@#-3433,Incredible Steel Tuna,51,Rath and Sons,,,,,
!@#-3433,Rustic Plastic Mouse,52,Bartell - Hickle,,,,,
!@#-3433,Rustic Metal Keyboard,53,Weimann Inc,,,,,
!@#-3433,Handcrafted Rubber Computer,54,Kub, Fay and Nader,,,,,
!@#-3433,Tasty Plastic Bike,55,Simonis, Hamill and O'Connell,,,,,
!@#-3433,Unbranded Wooden Fish,56,Macejkovic Group,,,,,
!@#-3433,Sleek Frozen Computer,57,Schaefer, Gerlach and Grady,,,,,
!@#-3433,Rustic Cotton Shirt,58,Macejkovic, Greenfelder and Funk,,,,,
!@#-3433,Incredible Fresh Ball,59,Lemke - Jerde,,,,,
!@#-3433,Awesome Soft Computer,60,Jacobs, Hauck and Cronin,,,,,
!@#-3433,Fantastic Cotton Chair,61,Wiegand, Langworth and White,,,,,
!@#-3433,Handmade Soft Hat,62,Barton - Fahey,,,,,
!@#-3433,Tasty Granite Towels,63,Homenick, Hansen and Lind,,,,,
!@#-3433,Ergonomic Plastic Computer,64,Fay, Osinski and Considine,,,,,
!@#-3433,Fantastic Soft Bacon,65,Hegmann and Sons,,,,,
!@#-3433,Ergonomic Fresh Chicken,66,Kovacek - Tillman,,,,,
!@#-3433,Small Plastic Hat,67,Hackett - Treutel,,,,,
!@#-3433,Sleek Plastic Shoes,68,Daniel Inc,,,,,
!@#-3433,Awesome Steel Bacon,69,Borer and Sons,,,,,
!@#-3433,Ergonomic Metal Ball,70,Lind - Yost,,,,,
!@#-3433,Tasty Cotton Chair,71,Cassin - Beatty,,,,,
!@#-3433,Refined Wooden Table,72,Goyette - Dietrich,,,,,
!@#-3433,Awesome Metal Cheese,73,Roob, Hettinger and Parisian,,,,,
!@#-3433,Incredible Rubber Tuna,74,Goldner - O'Hara,,,,,
!@#-3433,Small Soft Pants,75,Runolfsdottir LLC,,,,,
!@#-3433,Handcrafted Soft Hat,76,Waelchi - Stracke,,,,,
!@#-3433,Unbranded Concrete Shirt,77,Bahringer LLC,,,,,
!@#-3433,Ergonomic Soft Soap,78,Hilpert - Marquardt,,,,,
!@#-3433,Rustic Frozen Salad,79,Dooley, Jenkins and Halvorson,,,,,
!@#-3433,Licensed Soft Sausages,80,Flatley and Sons,,,,,
!@#-3433,Refined Metal Salad,81,Huel - Aufderhar,,,,,
!@#-3433,Ergonomic Fresh Keyboard,82,Davis, Gleason and Bosco,,,,,
!@#-3433,Awesome Fresh Hat,83,Beatty - Kohler,,,,,
!@#-3433,Practical Soft Mouse,84,Pollich, Ziemann and Mitchell,,,,,
!@#-3433,Rustic Plastic Computer,85,Will Inc,,,,,
!@#-3433,Rustic Soft Keyboard,86,D'Amore Inc,,,,,
!@#-3433,Intelligent Granite Ball,87,Zboncak, Bogisich and Rice,,,,,
!@#-3433,Practical Wooden Pizza,88,Goyette - Graham,,,,,
!@#-3433,Unbranded Metal Bacon,89,Pfannerstill, Stoltenberg and Douglas,,,,,
!@#-3433,Generic Soft Salad,90,Rippin, Barrows and Upton,,,,,
!@#-3433,Ergonomic Wooden Gloves,91,Schuppe - Heller,,,,,
!@#-3433,Gorgeous Fresh Sausages,92,Beatty Inc,,,,,
!@#-3433,Handmade Frozen Towels,93,Gerlach - Thompson,,,,,
!@#-3433,Refined Soft Car,94,Hilll - Batz,,,,,
!@#-3433,Sleek Concrete Chips,95,Kassulke - Mraz,,,,,
!@#-3433,Sleek Frozen Chips,96,Mosciski and Sons,,,,,
!@#-3433,Licensed Granite Soap,97,Abbott, Baumbach and Rath,,,,,
!@#-3433,Handcrafted Metal Hat,98,Friesen Inc,,,,,
!@#-3433,Gorgeous Metal Salad,99,Ebert, Sipes and Purdy,,,,,
